USE UNIVERCITY;

drop table dbo.AUDITORIUM;
drop table dbo.AUDITORIUM_TYPE;
GO

-- AUDITORIUM_TYPE
CREATE TABLE AUDITORIUM_TYPE
(
    AUDITORIUM_TYPE char(10) CONSTRAINT AUDITORIUM_TYPE_PK PRIMARY KEY,
    AUDITORIUM_TYPENAME varchar(30)
);
GO

INSERT INTO dbo.AUDITORIUM_TYPE (AUDITORIUM_TYPE, AUDITORIUM_TYPENAME) VALUES
('ЛК',   'Лекционная'),
('ЛБ-К', 'Компьютерный класс'),
('ЛК-К', 'Лекционная с уст. проектором'),
('ЛБ-X', 'Химическая лаборатория'),
('ЛБ-СК','Спец. компьютерный класс');
GO

select * from AUDITORIUM_TYPE;

-- AUDITORIUM
CREATE TABLE AUDITORIUM
(
    AUDITORIUM char(20) CONSTRAINT AUDITORIUM_PK PRIMARY KEY,
    AUDITORIUM_TYPE char(10)
        CONSTRAINT AUDITORIUM_AUDITORIUM_TYPE_FK
        FOREIGN KEY REFERENCES AUDITORIUM_TYPE(AUDITORIUM_TYPE),
    AUDITORIUM_CAPACITY integer CONSTRAINT AUDITORIUM_CAPACITY_CHECK DEFAULT 1 CHECK (AUDITORIUM_CAPACITY BETWEEN 1 AND 300),
    AUDITORIUM_NAME varchar(50)
);
GO

INSERT INTO dbo.AUDITORIUM (AUDITORIUM, AUDITORIUM_NAME, AUDITORIUM_TYPE, AUDITORIUM_CAPACITY) VALUES
('206-1','206-1','ЛБ-К',15),
('301-1','301-1','ЛБ-К',15),
('236-1','236-1','ЛК',60),
('313-1','313-1','ЛК-К',60),
('324-1','324-1','ЛК-К',50),
('413-1','413-1','ЛБ-К',15),
('423-1','423-1','ЛБ-К',90),
('408-2','408-2','ЛК',90);
GO

-- FACULTY
CREATE TABLE FACULTY
(
    FACULTY nvarchar(10) PRIMARY KEY,
    FACULTY_NAME nvarchar(50) DEFAULT N'Не указано'
);
GO

INSERT INTO dbo.FACULTY (FACULTY, FACULTY_NAME) VALUES
(N'ХТиТ', N'Химическая технология и техника'),
(N'ЛХФ', N'Лесохозяйственный факультет'),
(N'ИЭФ', N'Инженерно-экономический факультет'),
(N'ТТЛП', N'Технология и техника лесной промышленности'),
(N'ТОВ', N'Технология органических веществ'),
(N'ИТ', N'Факультет информационных технологий'),
(N'ИДиП', N'Издательское дело и полиграфия');
GO

-- PROFESSION
CREATE TABLE PROFESSION
(
    PROFESSION nvarchar(20) PRIMARY KEY,
    FACULTY nvarchar(10) FOREIGN KEY REFERENCES FACULTY(FACULTY),
    PROFESSION_NAME nvarchar(100),
    QUALIFICATION varchar(50)
);
GO

INSERT INTO dbo.PROFESSION (FACULTY, PROFESSION, PROFESSION_NAME, QUALIFICATION) VALUES
('ИТ',  '1-40 01 02', 'Информационные системы и технологии', 'инженерпрограммист-системотехник'),
('ХТиТ','1-36 01 08', 'Конструирование и производство из-делий из композиционных материалов', 'инженер-механик'),
('ХТиТ','1-36 07 01', 'Машины и аппараты химических производств и предприятий строительных материалов', 'инженер-механик'),
('ЛХФ','1-75 01 01', 'Лесное хозяйство', 'инженер лесного хозяйства'),
('ЛХФ','1-75 02 01', 'Садово-парковое строительство', 'инже-нер садово-паркового строительства'),
('ЛХФ','1-89 02 02', 'Туризм и природопользование', 'специ-алист в сфере туризма'),
('ИЭФ','1-25 01 07', 'Экономика и управление на предприятии', 'экономист-менеджер'),
('ИЭФ','1-25 01 08', 'Бухгалтерский учет, анализ и аудит', 'экономист'),
('ТТЛП','1-36 05 01','Машины и оборудование лесного ком-плекса','инженер-механик'),
('ТТЛП','1-46 01 01','Лесоинженерное дело','инженер-технолог'),
('ТОВ','1-48 01 02','Химическая технология органических веществ, материалов и изделий','инженер-химик-технолог'),
('ТОВ','1-48 01 05','Химическая технология переработки древесины','инженер-химик-технолог'),
('ТОВ','1-54 01 03','Физико-химические методы и приборы контроля качества продукции','инженер по сертификации'),
('ИДиП','1-47 01 01','Издательское дело','редактор-технолог'),
('ИДиП','1-36 06 01','Полиграфическое оборудование и си-стемы обработки информации','инженер-электромеханик');
GO

-- PULPIT
CREATE TABLE PULPIT
(
    PULPIT nvarchar(20) PRIMARY KEY,
    PULPIT_NAME nvarchar(100),
    FACULTY nvarchar(10) FOREIGN KEY REFERENCES FACULTY(FACULTY)
);
GO

INSERT INTO dbo.PULPIT (PULPIT, PULPIT_NAME, FACULTY) VALUES
('ИСиТ', 'Информационных систем и технологий', 'ИТ'),
('ЛВ', 'Лесоводства', 'ЛХФ'),
('ЛУ', 'Лесоустройства', 'ЛХФ'),
('ЛЗиДВ', 'Лесозащиты и древесиноведения', 'ЛХФ'),
('ЛКиП', 'Лесных культур и почвоведения', 'ЛХФ'),
('ТиП', 'Туризма и природопользования', 'ЛХФ'),
('ЛПиСПС','Ландшафтного проектирования и садово-паркового строительства','ЛХФ'),
('ТЛ', 'Транспорта леса', 'ТТЛП'),
('ЛМиЛЗ','Лесных машин и технологии лесозаготовок','ТТЛП'),
('ТДП','Технологий деревообрабатывающих производств','ТТЛП'),
('ТиДИД','Технологии и дизайна изделий из древесины','ТТЛП'),
('ОХ', 'Органической химии','ТОВ'),
('ХПД','Химической переработки древесины','ТОВ'),
('ТНВиОХТ','Технологии неорганических веществ и общей химической технологии','ХТиТ'),
('ПиАХП','Процессов и аппаратов химических производств','ХТиТ'),
('ЭТиМ','Экономической теории и маркетинга','ИЭФ'),
('МиЭП','Менеджмента и экономики природопользования','ИЭФ'),
('СБУАиА','Статистики, бухгалтерского учета, анализа и аудита','ИЭФ'),
('ПОиСОИ','Полиграфического оборудования и систем обработки информации','ИДиП'),
('БФ','Белорусской филологии','ИДиП'),
('РИТ','Редакционно-издательских тенологий','ИДиП'),
('ПП','Полиграфических производств','ИДиП');
GO

-- TEACHER
CREATE TABLE TEACHER
(
    TEACHER nvarchar(10) PRIMARY KEY,
    TEACHER_NAME nvarchar(50),
    GENDER nvarchar(1) CHECK (GENDER IN (N'м', N'ж')),
    PULPIT nvarchar(20) FOREIGN KEY REFERENCES PULPIT(PULPIT)
);
GO

INSERT INTO dbo.TEACHER (TEACHER, TEACHER_NAME, GENDER, PULPIT) VALUES
('СМЛВ','Смелов Владимир Владиславович','м','ИСиТ'),
('АКНВЧ','Акунович Станислав Иванович','м','ИСиТ'),
('КЛСНВ','Колесников Виталий Леонидович','м','ИСиТ'),
('БРКВЧ','Бракович Андрей Игоревич','м','ИСиТ'),
('ДТК','Дятко Александр Аркадьевич','м','ИСиТ'),
('УРБ','Урбанович Павел Павлович','м','ИСиТ'),
('ГРН','Гурин Николай Иванович','м','ИСиТ'),
('ЖЛК','Жиляк Надежда Александровна','ж','ИСиТ'),
('МРЗ','Мороз Елена Станиславовна','ж','ИСиТ'),
('БРНВСК','Барановский Станислав Иванович','м','ЭТиМ'),
('НВРВ','Неверов Александр Васильевич','м','МиЭП'),
('ДМДК','Демидко Марина Николаевна','ж','ЛПиСПС'),
('БРГ','Бурганская Татьяна Минаевна','ж','ЛПиСПС'),
('РЖК','Рожков Леонид Николаевич','м','ЛВ'),
('ЗВГЦВ','Звягинцев Вячеслав Борисович','м','ЛЗиДВ'),
('БЗБРДВ','Безбородов Владимир Степанович','м','ОХ'),
('НСКВЦ','Насковец Михаил Трофимович','м','ТЛ'),
('БРТШВЧ','Барташевич Святослав Александрович','м','ПОиСОИ'),
('АРС','Арсентьев Виталий Арсентьевич','м','ПОиСОИ');
GO

-- SUBJECT
CREATE TABLE SUBJECT
(
    [SUBJECT] nvarchar(10) PRIMARY KEY,
    SUBJECT_NAME nvarchar(100) UNIQUE,
    PULPIT nvarchar(20) FOREIGN KEY REFERENCES PULPIT(PULPIT)
);
GO

INSERT INTO dbo.SUBJECT ([SUBJECT], SUBJECT_NAME, PULPIT) VALUES
('СУБД','Системы управления базами данных','ИСиТ'),
('БД','Базы данных','ИСиТ'),
('ИНФ','Информационные технологии','ИСиТ'),
('ОАиП','Основы алгоритмизации и программирования','ИСиТ'),
('ПЗ','Представление знаний в компьютерных системах','ИСиТ'),
('ПСП','Программирование сетевых приложений','ИСиТ'),
('МСОИ','Моделирование систем обработки информации','ИСиТ'),
('ПИС','Проектирование информационных систем','ИСиТ'),
('КГ','Компьютерная геометрия','ИСиТ'),
('КМС','Компьютерные мультимедийные системы','ИСиТ'),
('ДМ','Дискретная математика','ИСиТ'),
('МП','Математическое программирование','ИСиТ'),
('ЛЭВМ','Логические основы ЭВМ','ИСиТ'),
('ООП','Объектно-ориентированное программирование','ИСиТ'),
('ЭП','Экономика природопользования','МиЭП'),
('ЭТ','Экономическая теория','ЭТиМ'),
('ОСПиЛПХ','Основы садово-паркового и лесопаркового хозяйства','ЛПиСПС'),
('ИГ','Инженерная геодезия','ЛУ'),
('ЛВ','Лесоводство','ЛЗиДВ'),
('ОХ','Органическая химия','ОХ'),
('ВТЛ','Водный транспорт леса','ТЛ'),
('ТиОЛ','Технология и оборудование лесозаготовок','ЛМиЛЗ'),
('ТОПИ','Технология обогащения полезных ископаемых','ТНВиОХТ'),
('ПМАПЛ','Полиграф. машины, автоматы и поточные линии','ПОиСОИ'),
('ОПП','Организация полиграф. производства','ПОиСОИ');
GO

-- GROUPS
CREATE TABLE GROUPS
(
    IDGROUP int IDENTITY(1,1) PRIMARY KEY,
    FACULTY nvarchar(10) FOREIGN KEY REFERENCES FACULTY(FACULTY),
    PROFESSION nvarchar(20) FOREIGN KEY REFERENCES PROFESSION(PROFESSION),
    YEAR_FIRST smallint CHECK (YEAR_FIRST <= YEAR(GETDATE()))
);
GO

INSERT INTO dbo.GROUPS (FACULTY, PROFESSION, YEAR_FIRST) VALUES
('ИДиП','1-40 01 02',2013),
('ИДиП','1-40 01 02',2012),
('ИДиП','1-40 01 02',2011),
('ИДиП','1-40 01 02',2010),
('ИДиП','1-47 01 01',2013),
('ИДиП','1-47 01 01',2012),
('ИДиП','1-47 01 01',2011),
('ИДиП','1-36 06 01',2010),
('ИДиП','1-36 06 01',2013),
('ИДиП','1-36 06 01',2012),
('ИДиП','1-36 06 01',2011),
('ХТиТ','1-36 01 08',2013),
('ХТиТ','1-36 01 08',2012),
('ХТиТ','1-36 07 01',2011),
('ХТиТ','1-36 07 01',2010),
('ТОВ','1-48 01 02',2012),
('ТОВ','1-48 01 02',2011),
('ТОВ','1-48 01 05',2013),
('ТОВ','1-54 01 03',2012),
('ЛХФ','1-75 01 01',2013),
('ЛХФ','1-75 02 01',2012),
('ЛХФ','1-75 02 01',2011),
('ЛХФ','1-89 02 02',2012),
('ЛХФ','1-89 02 02',2011),
('ТТЛП','1-36 05 01',2013),
('ТТЛП','1-36 05 01',2012),
('ТТЛП','1-46 01 01',2012),
('ИЭФ','1-25 01 07',2013),
('ИЭФ','1-25 01 07',2012),
('ИЭФ','1-25 01 07',2010),
('ИЭФ','1-25 01 08',2013),
('ИЭФ','1-25 01 08',2012);
GO

-- STUDENT
CREATE TABLE STUDENT
(
    IDSTUDENT int IDENTITY(1000,1) PRIMARY KEY,
    IDGROUP int FOREIGN KEY REFERENCES GROUPS(IDGROUP),
    [NAME] nvarchar(100),
    BDAY date,
    STAMP int,
    INFO xml,
    FOTO nvarchar(20)
);
GO

INSERT INTO dbo.STUDENT (IDGROUP, [NAME], BDAY) VALUES
(1, N'Хартанович Екатерина Александровна', '1995-03-11'),
(1, N'Горбач Елизавета Юрьевна', '1995-12-07'),
(1, N'Зыкова Кристина Дмитриевна', '1995-10-12'),
(1, N'Шенец Екатерина Сергеевна', '1995-01-08'),
(1, N'Шитик Алина Игоревна', '1995-08-02'),
(2, N'Силюк Валерия Ивановна', '1994-07-12'),
(2, N'Сергель Виолетта Николаевна', '1994-03-06'),
(2, N'Добродей Ольга Анатольевна', '1994-11-09'),
(2, N'Подоляк Мария Сергеевна', '1994-10-04'),
(2, N'Никитенко Екатерина Дмитриевна', '1994-01-08'),
(3, N'Яцкевич Галина Иосифовна', '1993-08-02'),
(3, N'Осадчая Эла Васильевна', '1993-12-07'),
(3, N'Акулова Елена Геннадьевна', '1993-12-02'),
(4, N'Плешкун Милана Анатольевна', '1992-03-08'),
(4, N'Буянова Мария Александровна', '1992-06-02'),
(4, N'Харченко Елена Геннадьевна', '1992-12-11'),
(4, N'Крученок Евгений Александрович', '1992-05-11'),
(4, N'Бороховский Виталий Петрович', '1992-11-09'),
(4, N'Мацкевич Надежда Валерьевна', '1992-11-01'),
(5, N'Логинова Мария Вячеславовна', '1995-07-08'),
(5, N'Белько Наталья Николаевна', '1995-11-02'),
(5, N'Селило Екатерина Геннадьевна', '1995-05-07'),
(5, N'Дрозд Анастасия Андреевна', '1995-08-04'),
(6, N'Козловская Елена Евгеньевна', '1994-11-08'),
(6, N'Потапнин Кирилл Олегович', '1994-03-02'),
(6, N'Равковская Ольга Николаевна', '1994-06-04'),
(6, N'Ходоронок Александра Вадимовна', '1994-11-09'),
(6, N'Рамук Владислав Юрьевич', '1994-07-04'),
(7, N'Неруганенок Мария Владимировна', '1993-01-03'),
(7, N'Цыганок Анна Петровна', '1993-09-12'),
(7, N'Масилевич Оксана Игоревна', '1993-06-12'),
(7, N'Алексиевич Елизавета Викторовна', '1993-02-09'),
(7, N'Ватолин Максим Андреевич', '1993-07-04'),
(8, N'Синица Валерия Андреевна', '1992-01-08'),
(8, N'Кудряшова Алина Николаевна', '1992-05-12'),
(8, N'Мигулина Елена Леонидовна', '1992-11-08'),
(8, N'Шпиленя Алексей Сергеевич', '1992-03-12'),
(9, N'Астафьев Игорь Александрович', '1995-08-10'),
(9, N'Гайтюкевич Андрей Игоревич', '1995-05-02'),
(9, N'Рученя Наталья Александровна', '1995-01-08'),
(9, N'Тарасевич Анастасия Ивановна', '1995-09-11'),
(10, N'Жоглин Николай Владимирович', '1994-01-08'),
(10, N'Санько Андрей Дмитриевич', '1994-09-11'),
(10, N'Пещур Анна Александровна', '1994-04-06'),
(10, N'Бучалис Никита Леонидович', '1994-08-12'),
(11, N'Лавренчук Владислав Николаевич', '1993-11-07'),
(11, N'Власик Евгения Викторовна', '1993-06-04'),
(11, N'Абрамов Денис Дмитриевич', '1993-12-10'),
(11, N'Оленчик Сергей Николаевич', '1993-07-04'),
(11, N'Савинко Павел Андреевич', '1993-01-08'),
(11, N'Бакун Алексей Викторович', '1993-09-02'),
(12, N'Бань Сергей Анатольевич', '1995-12-11'),
(12, N'Сечейко Илья Александрович', '1995-06-10'),
(12, N'Кузмичева Анна Андреевна', '1995-08-09'),
(12, N'Бурко Диана Францевна', '1995-07-04'),
(12, N'Даниленко Максим Васильевич', '1995-03-08'),
(12, N'Зизюк Ольга Олеговна', '1995-09-12'),
(13, N'Шарапо Мария Владимировна', '1994-10-08'),
(13, N'Касперович Вадим Викторович', '1994-02-10'),
(13, N'Чупрыгин Арсений Александрович', '1994-11-11'),
(13, N'Воеводская Ольга Леонидовна', '1994-02-10'),
(13, N'Метушевский Денис Игоревич', '1994-01-12'),
(14, N'Ловецкая Валерия Александровна', '1993-09-11'),
(14, N'Дворак Антонина Николаевна', '1993-12-01'),
(14, N'Щука Татьяна Николаевна', '1993-06-09'),
(14, N'Коблинец Александра Евгеньевна', '1993-01-05'),
(14, N'Фомичевская Елена Эрнестовна', '1993-07-01'),
(15, N'Бесараб Маргарита Вадимовна', '1992-04-07'),
(15, N'Бадуро Виктория Сергеевна', '1992-12-10'),
(15, N'Тарасенко Ольга Викторовна', '1992-05-05'),
(15, N'Афанасенко Ольга Владимировна', '1992-01-11'),
(15, N'Чуйкевич Ирина Дмитриевна', '1992-06-04'),
(16, N'Брель Алеся Алексеевна', '1994-01-08'),
(16, N'Кузнецова Анастасия Андреевна', '1994-02-07'),
(16, N'Томина Карина Геннадьевна', '1994-06-12'),
(16, N'Дуброва Павел Игоревич', '1994-07-03'),
(16, N'Шпаков Виктор Андреевич', '1994-07-04'),
(17, N'Шнейдер Анастасия Дмитриевна', '1993-11-08'),
(17, N'Шыгина Елена Викторовна', '1993-04-02'),
(17, N'Клюева Анна Ивановна', '1993-06-03'),
(17, N'Доморад Марина Андреевна', '1993-11-05'),
(17, N'Линчук Михаил Александрович', '1993-07-03'),
(18, N'Васильева Дарья Олеговна', '1995-01-08'),
(18, N'Щигельская Екатерина Андреевна', '1995-09-06'),
(18, N'Сазонова Екатерина Дмитриевна', '1995-03-08'),
(18, N'Бакунович Алина Олеговна', '1995-08-07');
GO

-- PROGRESS
CREATE TABLE PROGRESS
(
    SUBJECT nvarchar(10) FOREIGN KEY REFERENCES SUBJECT([SUBJECT]),
    IDSTUDENT int FOREIGN KEY REFERENCES STUDENT(IDSTUDENT),
    PDATE date,
    NOTE int CHECK (NOTE BETWEEN 1 AND 10)
);
GO

INSERT INTO dbo.PROGRESS (SUBJECT, IDSTUDENT, PDATE, NOTE) VALUES
('ОАиП', 1001, '2013-10-01', 8),
('ОАиП', 1002, '2013-10-01', 7),
('ОАиП', 1003, '2013-10-01', 5),
('ОАиП', 1005, '2013-10-01', 4),
('СУБД', 1014, '2013-12-01', 5),
('СУБД', 1015, '2013-12-01', 9),
('СУБД', 1016, '2013-12-01', 5),
('СУБД', 1017, '2013-12-01', 4),
('КГ',   1018, '2013-05-06', 4),
('КГ',   1019, '2013-05-06', 7),
('КГ',   1020, '2013-05-06', 7),
('КГ',   1021, '2013-05-06', 9),
('КГ',   1022, '2013-05-06', 5),
('КГ',   1023, '2013-05-06', 6);
GO