{
  "Celebrities": {
    "PhotosRequestPath": "/api/Photos",
    "PhotosFolder": "C:\\Users\\litvi\\Documents\\BSTU\\2\\2\\Прога в инет\\all\\ASPA\\ASPA007_1\\Photos\\",
    "ConnectionString": "Data Source=ArchFanBTW\\MYDB;Initial Catalog=CelebrityDB;Integrated Security=True;TrustServerCertificate=True;",
    "ISO3166alpha2Path": "C:\\Users\\litvi\\Documents\\BSTU\\2\\2\\Прога в инет\\all\\ASPA\\ASPA008_1\\CountryCodes\\Лабораторная_08__iso3166-1-alpha2-country-codes.json"
  }
}